{
    "type": "minecraft:item",
    "pools": [
      {
        "name": "currency_notes",
        "entries": [
          {
            "type": "minecraft:item",
            "name": "minecraft:paper",
            "functions": [
              {
                "function": "minecraft:set_name",
                "name": {
                  "text": "Subnotes 25",
                  "color": "green"
                }
              },
              {
                "function": "minecraft:set_texture",
                "texture": "minecraft:item/subnotes25"
              }
            ]
          },
          {
            "type": "minecraft:item",
            "name": "minecraft:paper",
            "functions": [
              {
                "function": "minecraft:set_name",
                "name": {
                  "text": "Subnotes 10",
                  "color": "blue"
                }
              },
              {
                "function": "minecraft:set_texture",
                "texture": "minecraft:item/subnotes10"
              }
            ]
          },
          {
            "type": "minecraft:item",
            "name": "minecraft:paper",
            "functions": [
              {
                "function": "minecraft:set_name",
                "name": {
                  "text": "Subnotes 50",
                  "color": "red"
                }
              },
              {
                "function": "minecraft:set_texture",
                "texture": "minecraft:item/subnotes50"
              }
            ]
          },
          {
            "type": "minecraft:item",
            "name": "minecraft:paper",
            "functions": [
              {
                "function": "minecraft:set_name",
                "name": {
                  "text": "Notes 50",
                  "color": "dark_red"
                }
              },
              {
                "function": "minecraft:set_texture",
                "texture": "minecraft:item/notes50"
              }
            ]
          },
          {
            "type": "minecraft:item",
            "name": "minecraft:paper",
            "functions": [
              {
                "function": "minecraft:set_name",
                "name": {
                  "text": "Notes 10",
                  "color": "yellow"
                }
              },
              {
                "function": "minecraft:set_texture",
                "texture": "minecraft:item/notes10"
              }
            ]
          },
          {
            "type": "minecraft:item",
            "name": "minecraft:paper",
            "functions": [
              {
                "function": "minecraft:set_name",
                "name": {
                  "text": "Notes 5",
                  "color": "gray"
                }
              },
              {
                "function": "minecraft:set_texture",
                "texture": "minecraft:item/notes5"
              }
            ]
          },
          {
            "type": "minecraft:item",
            "name": "minecraft:paper",
            "functions": [
              {
                "function": "minecraft:set_name",
                "name": {
                  "text": "Notes 100",
                  "color": "purple"
                }
              },
              {
                "function": "minecraft:set_texture",
                "texture": "minecraft:item/notes100"
              }
            ]
          },
          {
            "type": "minecraft:item",
            "name": "minecraft:paper",
            "functions": [
              {
                "function": "minecraft:set_name",
                "name": {
                  "text": "Notes 1",
                  "color": "light_green"
                }
              },
              {
                "function": "minecraft:set_texture",
                "texture": "minecraft:item/notes1"
              }
            ]
          }
        ]
      }
    ]
  }